,player,org,agents,rounds_played,rating,average_combat_score,kill_deaths,kill_assists_survived_traded,average_damage_per_round,kills_per_round,assists_per_round,first_kills_per_round,first_deaths_per_round,headshot_percentage,clutch_success_percentage
0,Lucid,MF,"['phoenix', 'cypher', 'breach']",239,1.22,190.1,0.86,78%,117.4,0.68,0.20,0.07,0.10,18%,13%
1,s0nsuZ,EXG.GC,"['skye', 'jett', 'sage']",477,1.21,248.3,1.27,74%,148.7,0.87,0.20,0.19,0.10,34%,20%
2,disk0,ORD,"['sage', 'omen', 'killjoy']",2916,1.17,226.6,1.22,74%,147.0,0.80,0.26,0.09,0.07,23%,15%
3,murza,VSH,"['raze', 'reyna', 'jett']",1501,1.17,241.8,1.23,73%,157.7,0.87,0.22,0.14,0.12,23%,18%
4,soko,EXG.GC,"['raze', 'jett', 'phoenix']",784,1.16,252.9,1.20,72%,163.2,0.89,0.20,0.14,0.09,30%,11%
5,LAM,ARC,"['phoenix', 'sova', 'raze']",439,1.14,236.5,1.16,67%,155.7,0.86,0.19,0.11,0.13,34%,16%
6,pl1xx,WOL,"['phoenix', 'reyna', 'raze']",1268,1.14,240.5,1.27,76%,153.1,0.84,0.32,0.11,0.09,18%,19%
7,KADIRI,KING,"['cypher', 'yoru', 'jett']",1826,1.13,224.2,1.17,72%,148.4,0.80,0.20,0.11,0.08,37%,14%
8,tixx,KING,"['phoenix', 'reyna', 'jett']",1790,1.13,217.6,1.11,76%,143.3,0.76,0.38,0.10,0.07,29%,18%
9,ferret,RIE,"['fade', 'astra', 'brimstone']",747,1.12,226.2,1.14,74%,147.1,0.80,0.33,0.12,0.10,33%,14%
10,bethany,RIE,"['omen', 'brimstone', 'sage']",588,1.12,199.7,1.14,80%,127.5,0.71,0.42,0.07,0.06,23%,19%
11,NOVAE,in,"['raze', 'neon', 'yoru']",561,1.12,233.4,1.10,67%,155.1,0.83,0.15,0.18,0.13,31%,22%
12,Dragon,KING,"['reyna', 'viper', 'skye']",4376,1.12,229.3,1.16,72%,149.7,0.81,0.27,0.13,0.11,31%,19%
13,Maple,CCG,"['sova', 'skye', 'viper']",2307,1.12,228.0,1.13,76%,149.9,0.77,0.33,0.11,0.09,20%,20%
14,Emi,SL9,"['kayo', 'breach', 'harbor']",690,1.12,223.1,1.12,71%,145.4,0.78,0.34,0.11,0.09,22%,16%
15,devid,BFG,"['raze', 'breach', 'kayo']",359,1.12,240.0,1.16,70%,143.4,0.85,0.25,0.13,0.13,32%,19%
16,LEW,KING,"['jett', 'chamber', 'reyna']",4209,1.11,232.4,1.16,71%,154.0,0.82,0.17,0.15,0.12,27%,14%
17,junglew0w,FC,"['brimstone', 'omen', 'viper']",1828,1.11,196.5,1.07,72%,130.1,0.71,0.25,0.05,0.05,22%,18%
18,Mazuong,BOBO,"['jett', 'raze', 'chamber']",958,1.11,256.0,1.13,71%,172.0,0.88,0.20,0.19,0.13,30%,10%
19,Texta,ORD,"['phoenix', 'breach', 'omen']",2910,1.10,214.8,1.13,73%,130.4,0.75,0.34,0.09,0.09,19%,19%
20,FETA,FH,"['raze', 'jett', 'neon']",3306,1.10,239.2,1.14,71%,157.4,0.83,0.20,0.18,0.16,27%,17%
21,ACE,FOC,"['raze', 'kayo', 'reyna']",1010,1.10,238.2,1.13,70%,155.7,0.83,0.22,0.14,0.14,35%,25%
22,tiff,RIE,"['skye', 'breach', 'viper']",640,1.10,214.3,1.11,75%,144.3,0.75,0.29,0.10,0.08,30%,3%
23,Squeakz,(+2),"['reyna', 'viper', 'sova']",332,1.10,227.2,1.14,68%,148.5,0.81,0.20,0.13,0.09,30%,16%
24,OvO,288,"['cypher', 'killjoy', 'vyse']",288,1.09,212.7,1.08,68%,145.7,0.76,0.21,0.08,0.13,25%,20%
25,ninim,ANTC,"['cypher', 'jett', 'reyna']",1607,1.08,243.3,1.14,70%,152.6,0.84,0.19,0.18,0.13,22%,9%
26,Shinon,Diva,"['astra', 'omen', 'viper']",354,1.08,214.4,1.03,69%,141.6,0.73,0.35,0.07,0.08,27%,16%
27,dokja,SIB,"['cypher', 'killjoy', 'neon']",1157,1.08,229.9,1.14,71%,145.3,0.83,0.19,0.10,0.12,27%,17%
28,Melo,NX,"['sova', 'fade']",314,1.08,196.9,1.06,71%,130.4,0.71,0.19,0.05,0.04,27%,17%
29,signed,JJH,"['sova', 'jett', 'reyna']",3529,1.07,195.8,1.07,74%,129.1,0.68,0.34,0.07,0.06,24%,13%
30,IKANA,KING,"['sage', 'omen', 'breach']",2703,1.07,201.4,1.10,73%,133.9,0.72,0.32,0.07,0.07,25%,16%
31,dcey,xyz,"['reyna', 'deadlock', 'gekko']",265,1.07,217.4,1.16,71%,139.4,0.82,0.18,0.09,0.10,46%,19%
32,Maple,(+2),"['omen', 'iso', 'deadlock']",352,1.07,215.2,1.05,71%,144.0,0.76,0.29,0.08,0.09,39%,9%
33,rDeeW,JJH,"['jett', 'chamber', 'neon']",5052,1.07,211.8,1.12,71%,134.8,0.75,0.25,0.11,0.09,25%,15%
34,Autumn,FPX,"['jett', 'raze', 'cypher']",2768,1.07,230.4,1.16,72%,140.6,0.80,0.18,0.18,0.14,22%,15%
35,Dasani,HSW,"['phoenix', 'jett', 'breach']",863,1.06,223.4,1.07,70%,151.0,0.79,0.19,0.16,0.14,30%,10%
36,Monokuma,281,"['neon', 'raze', 'jett']",281,1.06,222.6,1.03,65%,147.6,0.79,0.18,0.15,0.14,25%,16%
37,Blessed,BOBO,"['omen', 'brimstone', 'skye']",2112,1.06,209.1,1.02,72%,136.0,0.72,0.39,0.09,0.10,30%,15%
38,WRONSKI,GE,"['jett', 'chamber', 'raze']",2528,1.06,252.0,1.11,68%,158.0,0.87,0.17,0.21,0.19,28%,12%
39,Ciko,BONK,"['sova', 'omen', 'astra']",2292,1.06,196.7,0.99,71%,128.2,0.69,0.32,0.06,0.06,20%,15%
40,Sinaway,FH,"['fade', 'breach', 'sova']",3346,1.05,208.2,1.07,72%,137.4,0.74,0.29,0.08,0.08,31%,12%
41,fusion,(+7),"['gekko', 'raze', 'viper']",417,1.05,204.3,1.03,69%,134.7,0.72,0.23,0.07,0.06,26%,10%
42,SoGiulia,211,"['breach', 'sova']",211,1.05,188.9,0.98,71%,125.9,0.67,0.38,0.01,0.06,25%,14%
43,alannah,RIE,"['cypher', 'killjoy', 'chamber']",751,1.05,202.9,1.07,74%,134.4,0.71,0.30,0.09,0.08,25%,15%
44,hayyel,EXG.GC,"['raze', 'jett', 'reyna']",563,1.04,225.0,1.04,72%,135.0,0.77,0.37,0.15,0.12,19%,13%
45,MAMMAL,(+5),"['tejo', 'gekko', 'astra']",654,1.04,212.6,1.05,70%,139.2,0.76,0.28,0.09,0.11,28%,24%
46,zenox,HSW,"['fade', 'jett', 'raze']",1388,1.04,228.8,1.03,69%,151.8,0.79,0.22,0.16,0.15,28%,10%
47,gek,FURY,"['yoru', 'jett', 'raze']",457,1.04,222.4,1.09,68%,138.2,0.82,0.15,0.14,0.16,29%,17%
48,punda,ANTC,"['phoenix', 'raze', 'omen']",3621,1.04,214.0,0.99,71%,140.6,0.72,0.32,0.10,0.10,18%,13%
49,kiss,VSH,"['raze', 'jett', 'clove']",2281,1.04,222.7,1.04,72%,147.1,0.77,0.27,0.15,0.14,32%,20%
50,vizsla,FH,"['chamber', 'jett', 'kayo']",3442,1.04,209.0,1.08,72%,136.7,0.73,0.23,0.12,0.10,28%,12%
51,Dutti,MF,"['jett', 'raze', 'reyna']",1714,1.04,224.7,1.03,68%,145.8,0.77,0.23,0.13,0.12,26%,12%
52,Klockzy,CD,"['jett', 'raze', 'skye']",1148,1.04,219.0,1.03,70%,139.3,0.76,0.21,0.15,0.14,21%,8%
53,binjo,Peac,"['chamber', 'cypher', 'killjoy']",410,1.04,209.5,1.03,71%,140.9,0.76,0.17,0.08,0.09,24%,10%
54,HappyMuffins,(+3),"['viper', 'chamber', 'cypher']",210,1.04,184.4,0.91,68%,123.2,0.65,0.27,0.05,0.07,25%,18%
55,blue,Papa,"['cypher', 'killjoy', 'viper']",243,1.04,200.0,1.07,72%,123.0,0.73,0.22,0.07,0.12,34%,23%
56,tucks,ORD,"['jett', 'raze', 'sova']",2305,1.04,196.0,1.05,73%,124.6,0.69,0.22,0.10,0.11,23%,16%
57,SWERL,NOVA,"['omen', 'raze', 'jett']",2866,1.04,218.2,1.04,70%,143.3,0.75,0.26,0.11,0.12,28%,15%
58,Zauqk,FH,"['fade', 'sova', 'skye']",3306,1.03,200.7,1.00,73%,132.8,0.69,0.32,0.07,0.07,23%,14%
59,Saitama,(+2),"['omen', 'brimstone', 'viper']",352,1.03,201.9,0.96,71%,134.3,0.69,0.36,0.13,0.08,30%,5%
60,Sh0paN,LNF,"['sova', 'gekko', 'cypher']",330,1.03,221.1,1.05,72%,145.3,0.78,0.23,0.12,0.12,19%,16%
61,Pocket,CD,"['jett', 'phoenix', 'skye']",1005,1.03,214.0,0.99,72%,142.1,0.74,0.27,0.11,0.10,20%,9%
62,skrawl,FC,"['sova', 'killjoy', 'breach']",3571,1.03,197.4,0.98,71%,130.5,0.67,0.29,0.07,0.07,26%,11%
63,Noobster,(+2),"['kayo', 'reyna', 'viper']",321,1.03,201.4,1.03,69%,130.3,0.72,0.31,0.11,0.13,29%,14%
64,Rosa,SL9,"['skye', 'raze', 'jett']",459,1.03,224.2,1.05,71%,142.2,0.78,0.28,0.12,0.11,17%,18%
65,MaiShiu,FOC,"['sova', 'sage', 'skye']",2747,1.03,193.3,0.98,72%,128.7,0.67,0.36,0.08,0.07,26%,15%
66,ANDY,FH,"['jett', 'raze', 'neon']",2748,1.03,224.5,1.06,69%,143.4,0.78,0.21,0.14,0.13,20%,12%
67,Bonobo,OG,"['cypher', 'vyse', 'tejo']",2548,1.02,212.1,1.05,70%,140.1,0.76,0.22,0.12,0.12,31%,14%
68,afino,293,"['sova', 'breach', 'kayo']",293,1.02,182.2,0.93,72%,121.6,0.63,0.39,0.04,0.04,27%,12%
69,InfrequeNt,WC,"['jett', 'reyna', 'raze']",1720,1.02,214.4,1.04,72%,136.5,0.73,0.27,0.12,0.10,21%,9%
70,JAMIE,(+1),"['brimstone', 'viper', 'omen']",288,1.02,182.7,0.99,72%,116.6,0.65,0.35,0.06,0.06,23%,13%
71,Hoodlum,(+2),"['tejo', 'breach', 'reyna']",682,1.02,227.8,0.99,70%,149.8,0.83,0.25,0.09,0.09,39%,15%
72,wizard,WC,"['omen', 'killjoy']",435,1.02,195.2,0.97,67%,123.3,0.67,0.22,0.08,0.06,16%,12%
73,sarvo,EVE.GC,"['jett', 'neon', 'reyna']",216,1.01,234.4,0.94,65%,157.1,0.75,0.24,0.21,0.25,21%,20%
74,Myth,FOC,"['killjoy', 'sova', 'breach']",2873,1.01,189.5,0.98,73%,123.1,0.67,0.37,0.07,0.08,25%,15%
75,toadfish,NOOB.GC,"['killjoy', 'cypher', 'deadlock']",232,1.01,192.3,0.98,69%,134.4,0.69,0.19,0.08,0.06,22%,12%
76,McKinley,BOBO,"['viper', 'sage', 'sova']",1997,1.01,194.1,0.98,70%,131.6,0.67,0.30,0.07,0.08,25%,15%
77,yumi,Papa,"['jett', 'breach', 'kayo']",210,1.01,203.0,0.97,73%,137.2,0.73,0.30,0.06,0.07,28%,10%
78,icy,CDMD,"['yoru', 'jett', 'raze']",774,1.01,218.5,0.99,69%,145.1,0.77,0.20,0.13,0.13,28%,10%
79,phi,iPGN,"['raze', 'sova', 'omen']",1181,1.01,198.3,0.97,71%,126.0,0.70,0.39,0.07,0.06,27%,10%
80,Nozz,BOBO,"['breach', 'omen', 'astra']",4684,1.00,186.0,0.97,73%,122.1,0.65,0.34,0.07,0.08,23%,17%
81,RAMEN,FH,"['omen', 'brimstone', 'raze']",1790,1.00,194.7,0.99,73%,132.0,0.67,0.26,0.07,0.06,23%,13%
82,kaza,HSW,"['jett', 'kayo', 'breach']",1247,1.00,192.4,0.96,70%,129.3,0.68,0.29,0.06,0.07,29%,12%
83,BiggieCheese,FH,"['brimstone', 'viper', 'astra']",3162,1.00,200.6,0.98,72%,133.4,0.70,0.35,0.09,0.10,28%,14%
84,miaf,(+2),"['astra', 'omen', 'brimstone']",345,1.00,192.4,0.96,70%,129.6,0.67,0.36,0.04,0.08,29%,23%
85,Lakers,MF,"['phoenix', 'raze', 'jett']",1057,1.00,237.8,1.09,72%,138.0,0.82,0.20,0.18,0.15,17%,14%
86,quens1on,RC,"['raze', 'chamber', 'killjoy']",913,1.00,209.5,0.99,67%,137.6,0.73,0.19,0.10,0.12,30%,16%
87,RYRY,ARC,"['sage', 'killjoy', 'cypher']",415,1.00,222.8,1.00,66%,148.4,0.77,0.19,0.14,0.11,25%,4%
88,Ippo,ARC,"['jett', 'raze', 'iso']",210,1.00,221.2,0.93,70%,151.7,0.76,0.20,0.15,0.15,25%,21%
89,indraa,Stac,"['jett', 'yoru', 'raze']",803,0.99,234.8,1.03,66%,148.8,0.81,0.19,0.21,0.20,24%,15%
90,norsin,FC,"['cypher', 'killjoy', 'viper']",3008,0.99,205.5,0.99,68%,134.0,0.72,0.24,0.09,0.08,26%,16%
91,Syvyth,(+4),"['raze', 'cypher', 'gekko']",210,0.99,197.2,0.90,70%,134.8,0.68,0.23,0.06,0.10,18%,4%
92,lea,(+2),"['iso', 'tejo', 'jett']",331,0.99,219.4,0.98,62%,146.6,0.75,0.18,0.15,0.18,30%,25%
93,MIKE,BOBO,"['jett', 'raze', 'chamber']",4270,0.99,198.5,0.99,69%,133.9,0.69,0.25,0.08,0.08,24%,15%
94,xue,HB,"['phoenix', 'reyna', 'raze']",920,0.99,206.2,0.96,69%,138.3,0.71,0.28,0.09,0.10,25%,9%
95,ecco,MRLN,"['viper', 'vyse', 'killjoy']",905,0.99,209.8,1.00,65%,141.9,0.76,0.18,0.10,0.10,35%,14%
96,illumi,DXA,"['jett', 'raze', 'sova']",643,0.99,216.2,1.02,67%,147.0,0.78,0.14,0.14,0.14,26%,11%
97,Vent,YONK,"['clove', 'jett', 'neon']",359,0.99,196.7,0.98,67%,124.8,0.71,0.22,0.10,0.10,31%,13%
98,gloom,JFT,"['breach', 'kayo', 'omen']",1004,0.99,193.1,0.94,71%,123.3,0.67,0.39,0.10,0.09,22%,24%
99,DARK,ARMR,"['raze', 'jett', 'yoru']",846,0.99,213.4,0.95,65%,140.2,0.74,0.24,0.14,0.15,26%,16%
100,Tony,(+1),"['skye', 'sova', 'fade']",359,0.99,187.0,0.99,69%,113.1,0.68,0.24,0.06,0.08,28%,15%
101,Shiny,INF.EC,"['gekko', 'vyse', 'cypher']",327,0.99,218.4,0.99,69%,142.6,0.77,0.21,0.10,0.11,33%,9%
102,SCRAM,CD,"['raze', 'sova', 'jett']",406,0.98,214.2,0.95,69%,138.6,0.74,0.21,0.14,0.12,22%,16%
103,NiceHacks,NERD,"['jett', 'phoenix', 'reyna']",2249,0.98,215.4,0.97,68%,139.0,0.73,0.20,0.17,0.16,20%,14%
104,reLOADED,VRTX,"['raze', 'sova', 'killjoy']",548,0.98,189.5,0.87,72%,129.7,0.63,0.34,0.08,0.07,19%,12%
105,LOATHE,(+4),"['iso', 'omen', 'cypher']",301,0.98,212.9,0.93,64%,129.8,0.75,0.15,0.11,0.11,29%,9%
106,lily,RIE,"['jett', 'raze', 'neon']",352,0.98,229.3,1.03,69%,151.1,0.78,0.21,0.18,0.15,24%,24%
107,rare,(+1),"['tejo', 'astra', 'killjoy']",211,0.98,201.7,0.93,69%,135.8,0.73,0.30,0.09,0.12,36%,18%
108,songry,xyz,"['sova', 'kayo', 'skye']",1687,0.98,201.3,0.94,69%,130.3,0.70,0.30,0.09,0.11,30%,12%
109,halthox,Reti,"['tejo', 'kayo', 'killjoy']",346,0.97,213.0,0.92,64%,134.5,0.73,0.27,0.11,0.14,18%,6%
110,Mundy,club,"['breach', 'clove', 'jett']",349,0.97,218.0,0.99,64%,142.2,0.79,0.17,0.13,0.17,41%,17%
111,lg1c,xyz,"['jett', 'chamber', 'reyna']",1207,0.97,200.0,0.97,67%,130.5,0.73,0.17,0.15,0.13,26%,13%
112,iBrocky,KRAKEN,"['kayo', 'chamber', 'skye']",1249,0.97,186.9,0.88,70%,125.0,0.63,0.37,0.05,0.08,25%,14%
113,Fweshest,FC,"['cypher', 'killjoy', 'sage']",3313,0.97,189.2,0.95,69%,122.4,0.68,0.27,0.07,0.08,30%,14%
114,Swifty,FURY,"['viper', 'kayo', 'breach']",306,0.97,202.0,0.91,65%,133.6,0.72,0.25,0.09,0.10,29%,11%
115,Crunchy,BOBO,"['brimstone', 'omen', 'sage']",1987,0.97,202.8,0.99,70%,128.5,0.71,0.33,0.10,0.09,28%,15%
116,PAIN,Elvi,"['sova', 'raze', 'sage']",743,0.97,193.6,0.88,68%,126.8,0.64,0.30,0.07,0.05,24%,10%
117,dizzyLife,SQ,"['sage', 'omen', 'jett']",724,0.96,222.2,1.27,73%,142.3,0.78,0.22,0.14,0.10,16%,23%
118,Errrnest,OG,"['phoenix', 'jett', 'breach']",761,0.96,180.6,0.92,68%,117.2,0.64,0.28,0.10,0.09,26%,22%
119,taxx,BONK,"['skye', 'sage', 'reyna']",1259,0.96,208.8,0.96,67%,136.6,0.73,0.25,0.11,0.10,27%,7%
120,Muzz,MEAT,"['killjoy', 'viper', 'sova']",1706,0.96,190.4,0.93,67%,126.0,0.68,0.22,0.08,0.10,29%,16%
121,Yifang,BOBO,"['skye', 'killjoy', 'sova']",1695,0.96,199.7,0.95,70%,134.1,0.70,0.32,0.08,0.11,24%,14%
122,nabiki,(+2),"['gekko', 'fade', 'sova']",254,0.96,183.4,0.88,65%,120.7,0.66,0.22,0.07,0.04,28%,12%
123,th√†ng,map,"['omen', 'sage', 'sova']",270,0.96,205.7,0.97,64%,131.5,0.72,0.21,0.10,0.14,14%,18%
124,ezk,iPGN,"['jett', 'sage', 'killjoy']",1019,0.96,216.5,0.95,64%,140.3,0.73,0.21,0.11,0.11,20%,12%
125,Nation,PRDX,"['cypher', 'killjoy', 'astra']",1280,0.96,178.1,0.94,70%,117.3,0.64,0.23,0.05,0.05,24%,14%
126,August,AIC,"['fade', 'sova', 'breach']",481,0.96,185.1,0.94,70%,124.6,0.65,0.25,0.07,0.06,33%,9%
127,teapot,Cele,"['raze', 'tejo', 'sage']",211,0.96,206.5,0.95,68%,138.2,0.72,0.18,0.11,0.17,25%,9%
128,Cobolt,WH,"['cypher', 'viper', 'astra']",345,0.96,201.6,0.86,69%,134.5,0.69,0.34,0.09,0.10,19%,7%
129,Fulvous,CLR,"['viper', 'killjoy', 'sage']",692,0.95,188.1,0.91,68%,126.0,0.65,0.26,0.09,0.09,20%,12%
130,nian,(+2),"['breach', 'yoru', 'kayo']",352,0.95,173.1,0.89,70%,114.8,0.62,0.34,0.05,0.08,33%,15%
131,pecks,MF,"['sova', 'raze', 'reyna']",1513,0.95,214.0,0.99,68%,135.8,0.74,0.23,0.09,0.11,22%,14%
132,Lazy,dont,"['omen', 'brimstone', 'viper']",239,0.95,203.6,0.86,74%,136.4,0.67,0.42,0.08,0.09,21%,12%
133,harry,(+2),"['raze', 'jett', 'reyna']",299,0.95,213.6,0.94,67%,140.1,0.76,0.22,0.13,0.15,18%,15%
134,KhenZy,(+1),"['jett', 'reyna', 'gekko']",263,0.95,214.5,0.96,64%,127.6,0.74,0.13,0.15,0.15,37%,13%
135,kronicx,VRTX,"['cypher', 'jett', 'skye']",625,0.95,189.5,0.86,67%,124.0,0.67,0.18,0.08,0.10,23%,18%
136,OrangePearl,NEB,"['viper', 'sage', 'jett']",367,0.95,204.8,0.92,66%,130.4,0.73,0.20,0.14,0.11,24%,17%
137,grg,KNG,"['breach', 'omen', 'sova']",689,0.94,187.7,0.86,68%,120.3,0.64,0.30,0.04,0.07,20%,11%
138,zek,280,"['jett', 'raze']",280,0.94,201.6,0.92,66%,138.6,0.72,0.16,0.10,0.09,25%,10%
139,Psycho,VRTX,"['jett', 'sova', 'reyna']",513,0.94,182.6,0.84,68%,115.3,0.64,0.31,0.08,0.09,24%,13%
140,brock,KTS,"['fade', 'jett', 'skye']",1209,0.94,186.2,0.86,70%,125.5,0.63,0.33,0.09,0.09,23%,10%
141,Baki,SN,"['jett', 'sage', 'yoru']",555,0.94,222.1,0.94,67%,140.7,0.76,0.18,0.17,0.15,18%,15%
142,joms,(+2),"['reyna', 'iso', 'raze']",321,0.94,181.3,0.89,68%,118.8,0.63,0.22,0.07,0.07,34%,12%
143,doleful,BNDT,"['gekko', 'fade', 'raze']",209,0.94,185.9,0.91,69%,124.3,0.67,0.26,0.08,0.10,33%,10%
144,Velora,XG,"['killjoy', 'cypher', 'deadlock']",336,0.94,199.7,0.94,65%,139.3,0.70,0.19,0.08,0.14,26%,22%
145,Jordation,WH,"['viper', 'omen', 'astra']",507,0.94,192.4,0.88,69%,127.2,0.67,0.27,0.09,0.10,26%,5%
146,WAT,TDK,"['brimstone', 'omen', 'viper']",3454,0.94,187.2,0.94,70%,121.7,0.67,0.26,0.08,0.08,30%,15%
147,Art,KTS,"['chamber', 'astra', 'skye']",868,0.94,174.0,0.93,71%,113.6,0.63,0.27,0.04,0.07,25%,10%
148,Floga,CDMD,"['iso', 'clove']",344,0.94,229.1,0.92,69%,157.4,0.81,0.25,0.10,0.13,30%,3%
149,FalleN,(+1),"['deadlock', 'gekko', 'omen']",288,0.94,197.3,0.89,66%,130.1,0.68,0.28,0.10,0.10,25%,18%
150,MKII,HSW,"['raze', 'phoenix', 'jett']",971,0.94,207.0,0.91,67%,138.0,0.71,0.21,0.13,0.14,18%,17%
151,clutchyy,RNP,"['cypher', 'omen', 'reyna']",2707,0.94,200.1,0.93,68%,129.8,0.69,0.25,0.11,0.12,24%,16%
152,Lieu,SCY,"['astra', 'viper']",238,0.94,179.7,0.97,66%,119.1,0.67,0.26,0.06,0.11,29%,12%
153,kalth,BONK,"['jett', 'raze', 'chamber']",969,0.94,211.0,0.98,67%,134.3,0.74,0.14,0.13,0.15,25%,13%
154,KR1S,247,"['sova', 'fade', 'tejo']",247,0.93,171.7,0.86,70%,118.5,0.57,0.23,0.04,0.08,27%,16%
155,RESLYDE,CDMD,"['jett', 'sova', 'breach']",740,0.93,205.0,0.94,69%,133.4,0.73,0.18,0.14,0.13,30%,14%
156,tensai,MF,"['kayo', 'viper', 'sage']",1551,0.93,192.8,0.92,70%,126.3,0.67,0.28,0.10,0.10,26%,12%
157,JELLYD,FC,"['sova', 'breach', 'fade']",1020,0.93,193.2,0.90,67%,126.5,0.68,0.24,0.10,0.10,29%,12%
158,aplo,LA,"['sage', 'astra', 'sova']",774,0.93,194.8,0.91,67%,127.0,0.69,0.27,0.08,0.11,23%,15%
159,Minimise,KING,"['sova', 'skye', 'viper']",4848,0.93,195.5,0.93,71%,125.1,0.68,0.33,0.11,0.13,22%,15%
160,Calamareee,TRIDENT,"['sova', 'breach', 'kayo']",736,0.93,176.9,0.86,69%,116.7,0.63,0.28,0.05,0.06,29%,17%
161,xsus,BONK,"['chamber', 'kayo', 'neon']",847,0.93,190.5,0.87,70%,122.5,0.66,0.39,0.09,0.12,22%,18%
162,KREAM,HB,"['jett', 'sage', 'killjoy']",652,0.92,194.4,0.92,65%,127.7,0.70,0.14,0.12,0.11,27%,17%
163,micalis,(+2),"['skye', 'jett', 'phoenix']",308,0.92,203.8,0.90,67%,139.0,0.70,0.23,0.12,0.15,29%,12%
164,jippo,AE,"['sova', 'gekko', 'breach']",292,0.92,175.3,0.82,67%,93.3,0.60,0.35,0.03,0.06,22%,17%
165,vesta,K16,"['reyna', 'raze', 'skye']",317,0.92,200.8,0.88,63%,142.3,0.71,0.19,0.08,0.13,25%,9%
166,pan1K,RGN,"['omen', 'reyna', 'sage']",901,0.92,189.3,0.89,69%,123.6,0.65,0.29,0.09,0.11,20%,19%
167,Parpy,LGC,"['sage', 'viper', 'killjoy']",512,0.92,186.0,0.89,69%,122.4,0.64,0.27,0.10,0.10,23%,10%
168,Kawaii,BOBO,"['yoru', 'raze', 'jett']",386,0.92,204.4,0.95,66%,134.2,0.72,0.24,0.15,0.21,24%,31%
169,MILKY,BOBO,"['astra', 'viper', 'cypher']",2430,0.91,173.9,0.86,69%,115.7,0.61,0.38,0.06,0.09,24%,15%
170,gon,Neme,"['breach', 'gekko', 'sova']",666,0.91,188.5,0.82,67%,126.5,0.65,0.32,0.06,0.10,27%,13%
171,vex,VSH,"['raze', 'phoenix', 'neon']",1435,0.91,205.7,0.89,65%,136.7,0.72,0.17,0.16,0.17,27%,13%
172,YAKUZA,FC,"['raze', 'reyna', 'phoenix']",826,0.91,198.4,0.88,66%,130.8,0.69,0.20,0.11,0.14,31%,11%
173,Long,VSH,"['omen', 'kayo', 'fade']",817,0.91,171.2,0.80,74%,110.8,0.57,0.54,0.06,0.09,20%,13%
174,SUAVE,(+7),"['sova', 'deadlock', 'vyse']",465,0.91,186.3,0.91,68%,124.8,0.66,0.23,0.08,0.07,29%,11%
175,Tayo,(+1),"['yoru', 'raze', 'neon']",449,0.91,217.8,0.87,61%,144.6,0.73,0.16,0.21,0.21,27%,16%
176,Xuan,(+1),"['cypher', 'vyse', 'brimstone']",352,0.91,222.4,0.93,64%,145.1,0.74,0.25,0.15,0.16,25%,10%
177,Jurkey64,RGN,"['astra', 'brimstone', 'viper']",297,0.90,184.5,0.82,68%,120.0,0.63,0.29,0.04,0.09,19%,18%
178,ESUH,Peac,"['sova', 'astra', 'phoenix']",729,0.90,199.8,0.87,67%,130.1,0.68,0.23,0.07,0.08,21%,10%
179,techuu,206,"['omen', 'breach', 'sova']",206,0.90,189.6,0.84,62%,120.7,0.67,0.34,0.04,0.08,19%,14%
180,exempt,HSW,"['sage', 'jett', 'killjoy']",2393,0.90,176.0,0.81,70%,115.0,0.60,0.36,0.07,0.07,25%,10%
181,CRIME,ALE,"['reyna', 'jett', 'omen']",226,0.90,189.8,0.80,59%,117.6,0.66,0.25,0.13,0.19,31%,9%
182,W4TER56,CDMD,"['raze', 'phoenix', 'reyna']",454,0.90,185.4,0.85,69%,120.2,0.63,0.26,0.10,0.11,27%,8%
183,downtail,MCOM,"['kayo', 'sova', 'skye']",317,0.90,197.1,0.84,67%,130.0,0.65,0.27,0.09,0.13,22%,16%
184,Pink,DVN,"['raze', 'jett', 'iso']",292,0.90,203.5,0.86,64%,135.7,0.68,0.17,0.11,0.12,29%,11%
185,andr,(+5),"['raze', 'phoenix', 'omen']",296,0.90,183.2,0.88,62%,124.9,0.66,0.20,0.10,0.11,27%,9%
186,Marsh,CD,"['astra', 'cypher', 'killjoy']",1091,0.89,187.9,0.86,70%,122.8,0.64,0.22,0.08,0.09,20%,13%
187,AMNESTY,RNP,"['sova', 'skye', 'astra']",1807,0.89,181.7,0.84,68%,120.6,0.63,0.28,0.07,0.09,28%,12%
188,wodz,(+8),"['chamber', 'brimstone', 'jett']",480,0.89,196.6,0.85,68%,132.0,0.67,0.29,0.08,0.14,25%,7%
189,silv,Papa,"['omen', 'astra', 'brimstone']",404,0.89,185.8,0.88,69%,125.6,0.65,0.31,0.10,0.10,33%,14%
190,firmz,VRTX,"['jett', 'sage', 'cypher']",454,0.89,203.3,0.85,65%,135.0,0.70,0.17,0.18,0.17,27%,6%
191,abbas,ACU,"['neon', 'reyna', 'jett']",298,0.89,200.7,0.86,65%,135.6,0.68,0.28,0.13,0.18,27%,6%
192,Cyro,FURY,"['killjoy', 'cypher', 'vyse']",306,0.88,204.7,0.81,64%,139.8,0.67,0.25,0.10,0.09,24%,11%
193,GUNMA,(+7),"['cypher', 'raze', 'viper']",274,0.88,179.9,0.84,66%,118.4,0.64,0.27,0.08,0.12,23%,7%
194,Sorrow,Didd,"['killjoy', 'sage', 'viper']",474,0.88,179.0,0.82,65%,122.8,0.64,0.26,0.06,0.10,38%,10%
195,SplatGun,BITE,"['gekko', 'sova', 'phoenix']",374,0.88,172.4,0.82,65%,109.9,0.62,0.27,0.04,0.10,30%,10%
196,1ukey,Mc,"['cypher', 'phoenix', 'killjoy']",747,0.88,185.6,0.88,64%,118.2,0.65,0.16,0.05,0.07,22%,16%
197,rurlz,KZ,"['brimstone', 'sage', 'astra']",889,0.88,175.6,0.83,66%,114.2,0.62,0.28,0.05,0.09,26%,11%
198,anna,(+2),"['jett', 'raze', 'yoru']",393,0.88,191.9,0.85,66%,112.7,0.65,0.24,0.06,0.17,23%,8%
199,ubud,ARMR,"['cypher', 'iso', 'viper']",427,0.88,205.9,0.85,61%,133.0,0.71,0.23,0.12,0.14,29%,9%
200,daiK,FC,"['phoenix', 'jett', 'breach']",1997,0.88,202.9,0.84,66%,133.7,0.67,0.26,0.11,0.14,16%,18%
201,Avi,Slic,"['brimstone', 'kayo', 'raze']",397,0.88,171.0,0.80,69%,114.2,0.59,0.31,0.05,0.09,24%,10%
202,COCOYEAHNAH,(+1),"['breach', 'kayo', 'brimstone']",206,0.87,172.3,0.77,62%,114.6,0.60,0.35,0.04,0.05,21%,17%
203,elemeNt,trun,"['sova', 'omen', 'viper']",265,0.87,170.8,0.83,65%,114.8,0.61,0.29,0.05,0.07,28%,12%
204,Lychii,TTS,"['fade', 'sova', 'omen']",753,0.87,172.9,0.75,67%,114.8,0.58,0.37,0.05,0.08,20%,6%
205,philly,BFG,"['omen', 'brimstone', 'kayo']",359,0.87,173.1,0.81,67%,106.2,0.60,0.37,0.08,0.07,25%,7%
206,Erase,DXA,"['killjoy', 'cypher', 'viper']",312,0.87,179.6,0.82,63%,120.8,0.65,0.19,0.06,0.10,28%,18%
207,Yuna,GZL,"['breach', 'kayo', 'sage']",984,0.87,185.5,0.82,65%,123.3,0.63,0.25,0.10,0.11,23%,9%
208,Mazino,(+2),"['fade', 'tejo', 'sova']",620,0.87,165.2,0.82,66%,110.5,0.57,0.27,0.07,0.08,24%,19%
209,Chax,BOBO,"['killjoy', 'cypher', 'chamber']",922,0.87,185.3,0.89,64%,120.1,0.68,0.15,0.11,0.11,37%,10%
210,Strame,CDMD,"['cypher', 'sova', 'viper']",831,0.87,175.5,0.87,64%,118.8,0.64,0.16,0.10,0.09,35%,12%
211,azoh,HSW,"['skye', 'viper', 'cypher']",1694,0.87,183.4,0.81,67%,120.1,0.62,0.36,0.09,0.11,20%,12%
212,onob,Unde,"['jett', 'raze', 'clove']",754,0.87,201.9,0.86,62%,135.4,0.69,0.16,0.12,0.17,29%,11%
213,Layline,K16,"['sova', 'fade']",237,0.87,175.7,0.79,65%,114.3,0.59,0.28,0.05,0.06,20%,18%
214,Nila,DVN,"['killjoy', 'cypher', 'breach']",292,0.87,185.9,0.83,66%,125.4,0.65,0.20,0.05,0.08,22%,6%
215,vina,JFT,"['viper', 'omen', 'brimstone']",1586,0.87,176.0,0.83,68%,117.6,0.61,0.32,0.08,0.09,33%,8%
216,xtoroki,20XX,"['omen', 'neon', 'brimstone']",344,0.86,172.8,0.75,67%,116.3,0.59,0.30,0.08,0.10,27%,5%
217,AnF,(+2),"['neon', 'omen', 'jett']",352,0.86,198.8,0.88,67%,134.2,0.70,0.20,0.13,0.16,31%,11%
218,Shinobu,(+4),"['viper', 'omen', 'brimstone']",587,0.86,177.5,0.80,67%,114.2,0.62,0.33,0.07,0.08,33%,13%
219,Apreggi,(+2),"['tejo', 'cypher', 'viper']",247,0.86,174.9,0.75,63%,114.3,0.60,0.23,0.04,0.08,28%,9%
220,maine,iPGN,"['omen', 'sage', 'raze']",524,0.85,182.5,0.79,64%,118.5,0.62,0.33,0.09,0.12,20%,8%
221,VycoN,HERO,"['astra', 'brimstone', 'skye']",401,0.85,159.9,0.72,63%,110.8,0.55,0.25,0.07,0.06,22%,4%
222,Ronin,Ligh,"['sage', 'killjoy', 'jett']",329,0.85,187.7,0.80,63%,124.5,0.65,0.21,0.10,0.12,30%,16%
223,Zeo,TTS,"['astra', 'brimstone', 'omen']",281,0.85,185.9,0.79,61%,125.0,0.66,0.28,0.06,0.10,24%,6%
224,Jesse,BONK,"['raze', 'killjoy', 'sova']",1191,0.85,169.7,0.82,65%,114.4,0.60,0.24,0.07,0.10,23%,17%
225,kwon,MEC,"['omen', 'astra', 'kayo']",346,0.85,177.2,0.74,70%,114.3,0.60,0.35,0.04,0.08,24%,9%
226,R3gen,Bara,"['sova', 'raze', 'jett']",319,0.85,188.0,0.81,64%,125.0,0.64,0.25,0.06,0.12,23%,11%
227,mays,BFG,"['cypher', 'killjoy', 'iso']",240,0.85,185.3,0.84,70%,127.6,0.65,0.23,0.11,0.10,29%,13%
228,cman,ALE,"['cypher', 'killjoy', 'viper']",261,0.85,186.1,0.84,58%,128.5,0.66,0.10,0.07,0.15,29%,14%
229,Astin,(+1),"['astra', 'harbor', 'viper']",281,0.85,178.9,0.83,68%,117.9,0.62,0.27,0.05,0.07,30%,12%
230,WisdomCats,in,"['viper', 'skye', 'omen']",282,0.85,177.1,0.80,65%,117.1,0.61,0.24,0.07,0.09,28%,7%
231,Noir,(+9),"['jett', 'brimstone', 'astra']",1301,0.85,176.4,0.79,65%,122.6,0.60,0.30,0.07,0.10,24%,12%
232,Spirit,BITE,"['cypher', 'iso', 'viper']",299,0.84,186.9,0.80,59%,116.6,0.65,0.18,0.08,0.12,30%,7%
233,Mikey,OG,"['killjoy', 'breach', 'cypher']",425,0.84,188.1,0.82,68%,120.2,0.62,0.21,0.10,0.09,21%,16%
234,Stash,GD,"['cypher', 'brimstone', 'sova']",281,0.84,188.2,0.79,69%,132.5,0.63,0.32,0.06,0.11,22%,9%
235,777,(+1),"['raze', 'jett', 'viper']",210,0.84,193.0,0.80,68%,128.6,0.63,0.33,0.12,0.18,22%,15%
236,WATER,MEAT,"['omen', 'kayo', 'breach']",888,0.83,176.5,0.79,66%,119.8,0.60,0.28,0.09,0.14,26%,22%
237,blobblob,RNP,"['fade', 'sova', 'breach']",395,0.83,170.0,0.77,64%,119.5,0.58,0.24,0.06,0.10,23%,18%
238,Jawsy,RNP,"['phoenix', 'raze', 'sage']",785,0.83,172.0,0.76,66%,117.2,0.60,0.35,0.07,0.09,31%,14%
239,Exirst,MEAT,"['raze', 'jett', 'iso']",1451,0.83,193.5,0.83,63%,126.7,0.66,0.18,0.13,0.15,26%,9%
240,Rags2Riches,KTS,"['omen', 'astra', 'harbor']",479,0.83,174.2,0.75,65%,116.9,0.61,0.33,0.07,0.10,25%,9%
241,HoangBao2,(+1),"['raze', 'jett', 'gekko']",251,0.82,175.0,0.79,72%,121.1,0.62,0.20,0.10,0.13,26%,13%
242,indie,HSW,"['jett', 'raze', 'reyna']",1788,0.82,183.9,0.80,64%,122.9,0.64,0.20,0.12,0.14,25%,9%
243,MirzAA,WH,"['cypher', 'killjoy', 'skye']",968,0.82,177.9,0.80,66%,117.1,0.61,0.26,0.08,0.11,26%,12%
244,Peanut,(+2),"['killjoy', 'viper', 'fade']",316,0.82,190.7,0.84,63%,125.2,0.67,0.19,0.11,0.14,34%,21%
245,dylusion,LA,"['sova', 'yoru', 'viper']",1004,0.82,166.8,0.73,63%,114.1,0.56,0.26,0.08,0.11,26%,16%
246,xen1x,(+2),"['viper', 'brimstone', 'sova']",326,0.82,174.2,0.75,64%,108.7,0.60,0.25,0.07,0.11,28%,11%
247,nez,CDMD,"['cypher', 'viper', 'omen']",368,0.82,151.6,0.76,65%,101.5,0.52,0.32,0.03,0.07,23%,10%
248,pyua,Bara,"['sova', 'omen', 'viper']",325,0.81,163.6,0.71,62%,112.0,0.56,0.24,0.07,0.09,32%,13%
249,Mythical,RAND,"['reyna', 'chamber']",281,0.81,178.4,0.82,58%,118.3,0.65,0.15,0.10,0.17,24%,13%
250,wisp,ANF,"['vyse', 'killjoy', 'cypher']",218,0.81,160.9,0.71,62%,96.1,0.56,0.28,0.06,0.08,29%,11%
251,Dynasty,MCOM,"['sova', 'killjoy', 'viper']",312,0.81,171.1,0.76,63%,114.4,0.57,0.23,0.06,0.12,21%,13%
252,Whats,Wong,"['brimstone', 'omen', 'sova']",486,0.81,158.5,0.76,70%,106.7,0.57,0.34,0.03,0.07,26%,17%
253,Spartabang,Team,"['breach', 'skye', 'kayo']",357,0.81,160.0,0.70,68%,105.4,0.54,0.43,0.06,0.06,21%,4%
254,kyi,DVN,"['sova', 'omen']",212,0.81,154.2,0.74,66%,103.3,0.53,0.24,0.07,0.12,28%,19%
255,JUN,FC,"['omen', 'kayo', 'cypher']",564,0.81,159.8,0.74,63%,104.8,0.56,0.27,0.06,0.13,24%,18%
256,kitana,RIE,"['cypher', 'gekko', 'sova']",214,0.81,167.7,0.84,65%,113.6,0.61,0.15,0.09,0.16,43%,5%
257,Alucard,iPGN,"['viper', 'omen', 'brimstone']",1131,0.81,157.5,0.72,66%,108.3,0.53,0.30,0.06,0.08,22%,9%
258,Zetik,club,"['gekko', 'cypher', 'brimstone']",228,0.81,158.7,0.74,66%,106.8,0.55,0.33,0.09,0.09,23%,10%
259,kyoto,FC,"['breach', 'viper', 'astra']",912,0.80,155.7,0.71,64%,102.5,0.53,0.36,0.04,0.06,24%,5%
260,eezy,FC,"['sova', 'skye', 'raze']",2675,0.80,171.9,0.74,66%,112.3,0.56,0.30,0.07,0.10,16%,12%
261,Wojtek,314,"['vyse', 'viper', 'killjoy']",314,0.80,167.7,0.77,59%,104.4,0.59,0.24,0.08,0.08,32%,5%
262,FakeTile,331,"['breach', 'skye', 'omen']",331,0.80,170.3,0.69,66%,109.5,0.56,0.37,0.04,0.05,25%,13%
263,cybxr,(+2),"['omen', 'sova', 'skye']",276,0.79,170.9,0.71,66%,115.2,0.58,0.32,0.08,0.08,26%,10%
264,Cryptic,Shog,"['sova', 'gekko', 'harbor']",212,0.79,189.4,0.75,58%,127.6,0.62,0.25,0.09,0.12,28%,
265,orlence,club,"['skye', 'sova', 'chamber']",412,0.79,164.7,0.70,67%,109.9,0.54,0.25,0.08,0.08,24%,3%
266,Rossi,NLG,"['jett', 'raze', 'killjoy']",217,0.79,197.9,0.82,63%,106.5,0.69,0.18,0.17,0.22,22%,18%
267,koro,Mc,"['omen', 'phoenix', 'reyna']",1016,0.78,175.8,0.76,65%,114.7,0.60,0.22,0.09,0.13,20%,19%
268,sungy,club,"['jett', 'raze', 'skye']",202,0.78,210.0,0.81,56%,130.7,0.70,0.12,0.14,0.24,34%,10%
269,azuliate,ANTC,"['cypher', 'killjoy', 'skye']",357,0.78,171.8,0.75,58%,114.0,0.60,0.18,0.09,0.15,25%,14%
270,Dazeryuf,CD,"['kayo', 'gekko', 'fade']",426,0.78,180.7,0.71,62%,119.4,0.60,0.26,0.09,0.16,23%,11%
271,sommboiii,KISS,"['sova', 'killjoy', 'viper']",209,0.78,161.2,0.64,61%,109.5,0.53,0.24,0.04,0.11,27%,3%
272,Ahren,222,"['sage', 'raze', 'skye']",222,0.78,168.7,0.72,62%,107.3,0.57,0.24,0.08,0.09,15%,6%
273,XIAOXIN,229,"['raze', 'jett', 'neon']",229,0.78,186.6,0.79,61%,129.6,0.63,0.16,0.16,0.20,31%,13%
274,Hainzu,Infe,"['kayo', 'cypher', 'skye']",447,0.78,164.7,0.69,63%,108.9,0.57,0.29,0.06,0.09,33%,6%
275,Noisia,WC,"['omen', 'breach', 'astra']",310,0.77,141.2,0.62,67%,91.9,0.49,0.22,0.05,0.12,23%,11%
276,Rayzey,Slic,"['viper', 'omen', 'brimstone']",327,0.77,146.1,0.66,70%,95.9,0.47,0.40,0.05,0.08,19%,17%
277,TOUT,(+3),"['jett', 'phoenix', 'omen']",294,0.77,164.0,0.80,62%,109.6,0.60,0.20,0.10,0.13,29%,8%
278,zenk0k0,PEAC,"['sova', 'breach', 'astra']",882,0.77,172.1,0.81,62%,108.7,0.59,0.28,0.06,0.09,18%,13%
279,irena,(+2),"['omen', 'astra', 'raze']",346,0.77,158.7,0.71,64%,100.8,0.56,0.27,0.06,0.10,25%,8%
280,Lomu,KTS,"['fade', 'breach', 'sova']",396,0.77,159.1,0.66,64%,106.3,0.53,0.34,0.03,0.09,21%,12%
281,Hackstie,(+1),"['fade', 'viper', 'omen']",206,0.76,160.8,0.70,67%,108.7,0.55,0.30,0.08,0.08,33%,15%
282,sumii,(+1),"['omen', 'astra', 'tejo']",352,0.76,149.7,0.77,67%,84.9,0.53,0.34,0.04,0.07,18%,21%
283,Howie,FH,"['breach', 'viper', 'sova']",607,0.76,162.8,0.72,69%,105.7,0.56,0.35,0.05,0.12,27%,14%
284,wilted,FURY,"['harbor', 'omen', 'breach']",306,0.76,150.7,0.66,63%,104.5,0.52,0.33,0.05,0.12,28%,14%
285,fish,(+1),"['raze', 'neon', 'yoru']",211,0.75,178.3,0.70,64%,118.2,0.62,0.18,0.11,0.22,22%,6%
286,arct0,201,"['reyna', 'neon']",201,0.74,157.6,0.73,63%,106.8,0.58,0.16,0.12,0.13,28%,8%
287,BAZZ,(+1),"['sage', 'viper', 'kayo']",323,0.74,148.6,0.63,64%,98.7,0.48,0.41,0.05,0.08,19%,5%
288,Dariari,346,"['sova', 'breach', 'kayo']",346,0.73,143.9,0.62,64%,92.7,0.49,0.33,0.03,0.05,35%,11%
289,Jacyn,BITE,"['raze', 'sage', 'deadlock']",356,0.73,165.2,0.72,59%,101.0,0.60,0.14,0.10,0.18,26%,11%
290,loubert,BOBO,"['omen', 'kayo', 'breach']",1128,0.73,147.3,0.65,65%,96.1,0.50,0.36,0.05,0.09,26%,12%
291,Tisoyy,RNP,"['brimstone', 'omen', 'sova']",392,0.73,146.6,0.70,61%,99.6,0.52,0.20,0.02,0.10,36%,11%
292,aerose,ALE,"['omen', 'skye', 'astra']",238,0.73,162.3,0.63,62%,103.3,0.52,0.26,0.07,0.09,27%,9%
293,trungkb,SamP,"['astra', 'brimstone', 'omen']",363,0.73,186.1,0.81,64%,122.3,0.63,0.22,0.06,0.06,18%,10%
294,alex,ARMR,"['deadlock', 'breach', 'sova']",456,0.72,142.4,0.65,62%,87.0,0.49,0.26,0.04,0.10,22%,11%
295,BREW,Bara,"['kayo', 'omen', 'jett']",284,0.72,183.3,0.69,58%,121.7,0.61,0.17,0.13,0.18,20%,5%
296,starlight,ARC.GC,"['fade', 'breach', 'brimstone']",202,0.72,161.3,0.66,72%,106.1,0.53,0.42,0.06,0.12,25%,12%
297,Kash,(+3),"['omen', 'brimstone', 'breach']",243,0.72,156.5,0.62,60%,101.5,0.52,0.25,0.09,0.14,29%,
298,ZenSan1ty,NOOB.GC,"['omen', 'harbor', 'kayo']",256,0.71,158.0,0.64,62%,107.7,0.54,0.30,0.06,0.10,21%,5%
299,ferg,MF,"['cypher', 'raze', 'killjoy']",1015,0.71,175.3,0.75,62%,116.0,0.59,0.26,0.11,0.17,16%,9%
300,Capy,(+4),"['sova', 'fade', 'sage']",308,0.70,167.2,0.64,59%,107.6,0.54,0.17,0.05,0.09,29%,2%
301,ZENZKI,Monk,"['raze', 'iso', 'phoenix']",238,0.70,171.8,0.67,59%,110.4,0.58,0.19,0.11,0.19,27%,7%
302,Hina,(+3),"['tejo', 'sova', 'vyse']",331,0.69,149.4,0.61,62%,103.9,0.49,0.24,0.02,0.14,27%,8%
303,Ponk,Para,"['gekko', 'fade', 'skye']",261,0.68,137.2,0.59,59%,89.5,0.47,0.29,0.05,0.07,27%,7%
304,DellTero,K16,"['omen', 'astra', 'viper']",317,0.68,151.8,0.62,61%,100.4,0.50,0.26,0.06,0.10,33%,10%
305,Walli,FURY,"['sova', 'fade', 'tejo']",357,0.67,134.7,0.57,64%,95.6,0.45,0.27,0.03,0.12,18%,9%
306,BRU,(+2),"['sage', 'killjoy', 'jett']",213,0.59,155.8,0.58,51%,99.3,0.52,0.15,0.11,0.23,21%,9%
307,Eloweno,211,"['cypher', 'killjoy', 'viper']",211,0.59,150.7,0.59,55%,105.0,0.49,0.17,0.08,0.15,22%,10%
308,RealBuckBorris,(+1),"['kayo', 'skye', 'fade']",210,0.59,134.0,0.53,62%,87.3,0.44,0.42,0.06,0.06,28%,7%
309,M1ST,KNG,"['sage', 'brimstone', 'breach']",482,0.57,133.1,0.54,55%,86.8,0.45,0.22,0.04,0.11,19%,9%
310,deoxiDE,LGC,"['cypher', 'omen']",218,,207.3,1.21,,135.0,0.76,0.28,0.03,0.05,17%,11%
311,gazR,LGC,"['jett', 'breach', 'cypher']",360,,183.8,0.88,,117.3,0.63,0.26,0.11,0.09,19%,8%
312,Karmzy,WC,"['cypher', 'killjoy', 'omen']",279,,133.6,0.66,,84.2,0.47,0.19,0.04,0.11,19%,9%
313,pixeL,WC,"['sage', 'raze']",279,,195.4,0.84,,124.2,0.65,0.32,0.10,0.12,14%,3%
314,Spesh,AV,"['sage', 'sova', 'breach']",254,,175.3,0.77,,121.1,0.57,0.26,0.06,0.07,23%,10%
315,Exxy,AV,"['cypher', 'breach', 'skye']",232,,151.8,0.71,,96.2,0.55,0.21,0.08,0.09,20%,12%
316,DickStacy,ORD,"['sova', 'breach', 'cypher']",718,,206.8,1.00,,141.7,0.71,0.30,0.07,0.06,23%,15%
317,Bob,FLY,"['jett', 'sova', 'breach']",592,,181.7,1.09,,114.3,0.65,0.41,0.06,0.07,20%,14%
318,iyen,HU,"['cypher', 'viper', 'killjoy']",592,,187.9,0.99,,116.5,0.65,0.25,0.08,0.11,15%,19%
319,void,KNG,"['omen', 'jett', 'raze']",313,,204.2,0.85,,126.6,0.71,0.19,0.10,0.15,17%,6%
320,Jasper,MF,"['sage', 'sova', 'breach']",202,,173.3,0.81,,115.9,0.58,0.33,0.04,0.09,17%,17%
321,Jax,MF,"['jett', 'raze', 'omen']",202,,182.5,0.75,,114.1,0.58,0.27,0.08,0.11,15%,24%
